{
    "version": "0.1",
    "script": {
        "script_relative_path": "main.py",
        "module_name": "ems",
        "parameters": {
            "stator_inner_radius": 0.08095,
            "n_slots": 48,
            "pts": {
                "points": {
                    "1": [
                        0.08094382311208187,
                        -0.001
                    ],
                    "2": [
                        0.08194382311208187,
                        -0.001
                    ],
                    "3": [
                        0.08294382311208187,
                        -0.0035
                    ],
                    "4": [
                        0.09794382311208187,
                        -0.0035
                    ],
                    "5": [
                        0.11294382311208187,
                        -0.0035
                    ],
                    "6": [
                        0.11294382311208187,
                        0
                    ],
                    "7": [
                        0.11294382311208187,
                        0.0035
                    ],
                    "8": [
                        0.09794382311208187,
                        0.0035
                    ],
                    "9": [
                        0.08294382311208187,
                        0.0035
                    ],
                    "10": [
                        0.08194382311208187,
                        0.001
                    ],
                    "11": [
                        0.08094382311208187,
                        0.001
                    ],
                    "12": [
                        0.08294382311208187,
                        0
                    ],
                    "13": [
                        0.09794382311208187,
                        0
                    ]
                },
                "opening_top_index": "11",
                "opening_bottom_index": "1",
                "middle_bottom_index": "6",
                "middle_top_index": "12",
                "center_index": "13"
            },
            "cns": {
                "slot": [
                    [
                        "line",
                        "1",
                        "2"
                    ],
                    [
                        "line",
                        "2",
                        "3"
                    ],
                    [
                        "line",
                        "3",
                        "4"
                    ],
                    [
                        "fillet",
                        "4",
                        "5",
                        "6",
                        0.0005
                    ],
                    [
                        "line",
                        "6",
                        "7"
                    ],
                    [
                        "line",
                        "7",
                        "8"
                    ],
                    [
                        "line",
                        "8",
                        "9"
                    ],
                    [
                        "line",
                        "9",
                        "10"
                    ],
                    [
                        "line",
                        "10",
                        "11"
                    ],
                    [
                        "line",
                        "11",
                        "1"
                    ]
                ],
                "wedge": [
                    [
                        "line",
                        "1",
                        "2"
                    ],
                    [
                        "line",
                        "2",
                        "3"
                    ],
                    [
                        "line",
                        "3",
                        "12"
                    ],
                    [
                        "line",
                        "12",
                        "9"
                    ],
                    [
                        "line",
                        "9",
                        "10"
                    ],
                    [
                        "line",
                        "10",
                        "11"
                    ],
                    [
                        "line",
                        "11",
                        "1"
                    ]
                ],
                "single_layer_winding": [
                    [
                        "line",
                        "3",
                        "4"
                    ],
                    [
                        "fillet",
                        "4",
                        "5",
                        "6",
                        0.0005
                    ],
                    [
                        "line",
                        "6",
                        "7"
                    ],
                    [
                        "line",
                        "7",
                        "8"
                    ],
                    [
                        "line",
                        "8",
                        "9"
                    ],
                    [
                        "line",
                        "9",
                        "12"
                    ],
                    [
                        "line",
                        "12",
                        "3"
                    ]
                ],
                "top_winding": [
                    [
                        "line",
                        "3",
                        "4"
                    ],
                    [
                        "line",
                        "4",
                        "13"
                    ],
                    [
                        "line",
                        "13",
                        "8"
                    ],
                    [
                        "line",
                        "8",
                        "9"
                    ],
                    [
                        "line",
                        "9",
                        "12"
                    ],
                    [
                        "line",
                        "12",
                        "3"
                    ]
                ],
                "bottom_winding": [
                    [
                        "fillet",
                        "4",
                        "5",
                        "6",
                        0.0005
                    ],
                    [
                        "line",
                        "6",
                        "7"
                    ],
                    [
                        "line",
                        "7",
                        "8"
                    ],
                    [
                        "line",
                        "8",
                        "13"
                    ],
                    [
                        "line",
                        "13",
                        "4"
                    ]
                ],
                "left_winding": [
                    [
                        "line",
                        "3",
                        "4"
                    ],
                    [
                        "fillet",
                        "4",
                        "5",
                        "6",
                        0.0005
                    ],
                    [
                        "line",
                        "6",
                        "13"
                    ],
                    [
                        "line",
                        "13",
                        "12"
                    ],
                    [
                        "line",
                        "12",
                        "3"
                    ]
                ],
                "right_winding": [
                    [
                        "line",
                        "12",
                        "13"
                    ],
                    [
                        "line",
                        "13",
                        "6"
                    ],
                    [
                        "line",
                        "6",
                        "7"
                    ],
                    [
                        "line",
                        "7",
                        "8"
                    ],
                    [
                        "line",
                        "8",
                        "9"
                    ],
                    [
                        "line",
                        "9",
                        "12"
                    ]
                ]
            }
        }
    },
    "machine": {
        "type": {
            "machine_type": "IPMSM",
            "_pole_number_expression": "8",
            "machine_name": "Machine",
            "topology": "Internal Rotor"
        },
        "dimension": {
            "_stator_outer_radius_expression": "134.62",
            "_stator_outer_radius_unit": "mm",
            "_stator_inner_radius_expression": "stator_inner_radius",
            "_stator_inner_radius_unit": "m",
            "_rotor_outer_radius_expression": "80.2",
            "_rotor_outer_radius_unit": "mm",
            "_rotor_inner_radius_expression": "55.32",
            "_rotor_inner_radius_unit": "mm",
            "shaft_material": "Air"
        }
    },
    "materials": {
        "Air": {
            "type": "non_magnet",
            "name": "Air",
            "_conductivity_expression": "0.0",
            "_conductivity_unit": "S/m",
            "permeability_type": "linear",
            "permeability": {
                "_realative_permeability_expression": "1.0"
            }
        },
        "50A350": {
            "type": "non_magnet",
            "name": "50A350",
            "_conductivity_expression": "0.0",
            "_conductivity_unit": "S/m",
            "permeability_type": "nonlinear",
            "permeability": {
                "b_unit": "T",
                "h_unit": "A/m",
                "data": [
                    [
                        0.0,
                        0.0
                    ],
                    [
                        23.7829,
                        0.05
                    ],
                    [
                        35.9348,
                        0.1
                    ],
                    [
                        43.0643,
                        0.15
                    ],
                    [
                        48.0818,
                        0.2
                    ],
                    [
                        52.1149,
                        0.25
                    ],
                    [
                        55.4024,
                        0.3
                    ],
                    [
                        58.0556,
                        0.35
                    ],
                    [
                        60.8436,
                        0.4
                    ],
                    [
                        63.3838,
                        0.45
                    ],
                    [
                        66.0232,
                        0.5
                    ],
                    [
                        68.8606,
                        0.55
                    ],
                    [
                        71.3677,
                        0.6
                    ],
                    [
                        74.5236,
                        0.65
                    ],
                    [
                        77.3264,
                        0.7
                    ],
                    [
                        80.4917,
                        0.75
                    ],
                    [
                        83.7803,
                        0.8
                    ],
                    [
                        87.2856,
                        0.85
                    ],
                    [
                        91.7637,
                        0.9
                    ],
                    [
                        96.8194,
                        0.95
                    ],
                    [
                        102.8482,
                        1.0
                    ],
                    [
                        109.9997,
                        1.05
                    ],
                    [
                        118.8356,
                        1.1
                    ],
                    [
                        130.2476,
                        1.15
                    ],
                    [
                        144.7258,
                        1.2
                    ],
                    [
                        164.8152,
                        1.25
                    ],
                    [
                        193.2652,
                        1.3
                    ],
                    [
                        236.4049,
                        1.35
                    ],
                    [
                        306.9427,
                        1.4
                    ],
                    [
                        432.3822,
                        1.45
                    ],
                    [
                        677.764,
                        1.5
                    ],
                    [
                        1150.2471,
                        1.55
                    ],
                    [
                        1953.4736,
                        1.6
                    ],
                    [
                        3137.701,
                        1.65
                    ],
                    [
                        4699.2266,
                        1.7
                    ],
                    [
                        6638.378,
                        1.75
                    ],
                    [
                        8995.2222,
                        1.8
                    ],
                    [
                        11860.0438,
                        1.85
                    ],
                    [
                        15402.4865,
                        1.9
                    ],
                    [
                        19927.4242,
                        1.95
                    ],
                    [
                        26369.2831,
                        2.0
                    ],
                    [
                        39075.4882,
                        2.05
                    ],
                    [
                        58618.3177,
                        2.1
                    ],
                    [
                        84990.7786,
                        2.15
                    ],
                    [
                        118192.8708,
                        2.2
                    ],
                    [
                        157245.0838,
                        2.25
                    ],
                    [
                        197033.8196,
                        2.3
                    ],
                    [
                        236822.5553,
                        2.35
                    ],
                    [
                        276611.2911,
                        2.4
                    ],
                    [
                        316400.0269,
                        2.45
                    ],
                    [
                        356188.7627,
                        2.5
                    ],
                    [
                        395977.4984,
                        2.55
                    ],
                    [
                        435766.2342,
                        2.6
                    ],
                    [
                        475554.97,
                        2.65
                    ],
                    [
                        515343.7058,
                        2.7
                    ],
                    [
                        555132.4415,
                        2.75
                    ],
                    [
                        594921.1773,
                        2.8
                    ],
                    [
                        634709.9131,
                        2.85
                    ],
                    [
                        674498.6489,
                        2.9
                    ],
                    [
                        714287.3846,
                        2.95
                    ],
                    [
                        754076.1204,
                        3.0
                    ]
                ]
            }
        },
        "Copper": {
            "type": "non_magnet",
            "name": "Copper",
            "_conductivity_expression": "5.8e7",
            "_conductivity_unit": "S/m",
            "permeability_type": "linear",
            "permeability": {
                "_realative_permeability_expression": "1.0"
            }
        },
        "NdFeB": {
            "type": "magnet",
            "name": "NdFeB",
            "_radial_expression": "1.0",
            "_radial_unit": "T",
            "_tangential_expression": "0.0",
            "_tangential_unit": "T",
            "_conductivity_expression": "0.0",
            "_conductivity_unit": "S/m",
            "_realative_permeability_expression": "1.05"
        }
    },
    "stator": {
        "slot": {
            "slot_type": "User Defined",
            "_slot_number_expression": "n_slots",
            "slot_props": {
                "_points_expression": "pts",
                "_connections_expression": "cns"
            },
            "wedge": false,
            "wedge_material": "Air"
        },
        "winding": {
            "_phase_number_expression": "3",
            "layer_configuration": "Single",
            "_turns_per_coil_expression": "9",
            "_parallel_paths_expression": "1",
            "_coil_span_expression": "6",
            "winding_material": "Copper"
        },
        "lamination": {
            "_stack_length_expression": "83.82",
            "_stack_length_unit": "mm",
            "_fill_factor_expression": "1",
            "lamination_material": "50A350"
        }
    },
    "rotor": {
        "lamination": {
            "_fill_factor_expression": "1",
            "lamination_material": "50A350"
        },
        "hole_magnet": {
            "hole_magnet_props": [
                {
                    "type": "Hole Type 55",
                    "_W0_expression": "42",
                    "_W0_unit": "mm",
                    "_W1_expression": "0",
                    "_W1_unit": "mm",
                    "_W2_expression": "0",
                    "_W2_unit": "mm",
                    "_W3_expression": "14",
                    "_W3_unit": "mm",
                    "_W4_expression": "18.9",
                    "_W4_unit": "mm",
                    "_H0_expression": "10.96",
                    "_H0_unit": "mm",
                    "_H1_expression": "1.5",
                    "_H1_unit": "mm",
                    "_H2_expression": "1",
                    "_H2_unit": "mm",
                    "_H3_expression": "6.5",
                    "_H3_unit": "mm",
                    "_H4_expression": "0",
                    "_H4_unit": "mm",
                    "hole_material": "Air",
                    "magnet_material": "NdFeB"
                }
            ]
        }
    },
    "mesh": {
        "algorithm": "Delaunay",
        "_max_element_size_expression": "9.0",
        "_max_element_size_unit": "mm",
        "recombine": false,
        "silent": false,
        "recombinition_algorithm": "simple",
        "_tangential_divisions_expression": "90",
        "_radial_divisions_expression": "3",
        "_stator_core_dist_min_expression": "1.5",
        "_stator_core_dist_min_unit": "mm",
        "_stator_core_dist_max_expression": "7.5",
        "_stator_core_dist_max_unit": "mm",
        "_stator_core_size_min_expression": "0.375",
        "_stator_core_size_min_unit": "mm",
        "_stator_core_size_max_expression": "2.25",
        "_stator_core_size_max_unit": "mm",
        "_stator_windings_expression": "3.75",
        "_stator_windings_unit": "mm",
        "full_mesh": false,
        "segmentation": true,
        "_rotor_core_dist_min_expression": "1.5",
        "_rotor_core_dist_min_unit": "mm",
        "_rotor_core_dist_max_expression": "7.5",
        "_rotor_core_dist_max_unit": "mm",
        "_rotor_core_size_min_expression": "0.375",
        "_rotor_core_size_min_unit": "mm",
        "_rotor_core_size_max_expression": "2.25",
        "_rotor_core_size_max_unit": "mm",
        "_rotor_magnets_expression": "1.5",
        "_rotor_magnets_unit": "mm",
        "_rotor_holes_expression": "3.0",
        "_rotor_holes_unit": "mm",
        "_rotor_shaft_expression": "7.5",
        "_rotor_shaft_unit": "mm"
    },
    "analyses": {}
}