{
    "version": "0.1",
    "script": {
        "script_relative_path": "main.py",
        "module_name": "ems",
        "parameters": {
            "pts": {
                "pole_top_index": "x",
                "pole_bottom_index": "x",
                "points": {
                    "a_top": [
                        0.066,
                        0.001
                    ],
                    "b_top": [
                        0.065,
                        0.001
                    ],
                    "c_top": [
                        0.065,
                        0.013000000000000001
                    ],
                    "d_top": [
                        0.07,
                        0.018000000000000002
                    ],
                    "e_top": [
                        0.07200000000000001,
                        0.018000000000000002
                    ],
                    "f_top": [
                        0.07300000000000001,
                        0.017
                    ],
                    "g_top": [
                        0.07200000000000001,
                        0.017
                    ],
                    "h_top": [
                        0.07200000000000001,
                        0.016
                    ],
                    "j_top": [
                        0.07,
                        0.016
                    ],
                    "k_top": [
                        0.07,
                        0.013000000000000001
                    ],
                    "m_top": [
                        0.067,
                        0.013000000000000001
                    ],
                    "n_top": [
                        0.067,
                        0.001
                    ],
                    "a_bottom": [
                        0.066,
                        -0.001
                    ],
                    "b_bottom": [
                        0.065,
                        -0.001
                    ],
                    "c_bottom": [
                        0.065,
                        -0.013000000000000001
                    ],
                    "d_bottom": [
                        0.07,
                        -0.018000000000000002
                    ],
                    "e_bottom": [
                        0.07200000000000001,
                        -0.018000000000000002
                    ],
                    "f_bottom": [
                        0.07300000000000001,
                        -0.017
                    ],
                    "g_bottom": [
                        0.07200000000000001,
                        -0.017
                    ],
                    "h_bottom": [
                        0.07200000000000001,
                        -0.016
                    ],
                    "j_bottom": [
                        0.07,
                        -0.016
                    ],
                    "k_bottom": [
                        0.07,
                        -0.013000000000000001
                    ],
                    "m_bottom": [
                        0.067,
                        -0.013000000000000001
                    ],
                    "n_bottom": [
                        0.067,
                        -0.001
                    ],
                    "x": [
                        0.065,
                        0
                    ]
                }
            },
            "cns": {
                "holes": [
                    [
                        [
                            "fillet",
                            "a_top",
                            "b_top",
                            "c_top",
                            0.0005
                        ],
                        [
                            "arc",
                            "c_top",
                            "k_top",
                            "d_top"
                        ],
                        [
                            "line",
                            "d_top",
                            "e_top"
                        ],
                        [
                            "arc",
                            "e_top",
                            "g_top",
                            "f_top"
                        ],
                        [
                            "arc",
                            "f_top",
                            "g_top",
                            "h_top"
                        ],
                        [
                            "line",
                            "h_top",
                            "j_top"
                        ],
                        [
                            "arc",
                            "j_top",
                            "k_top",
                            "m_top"
                        ],
                        [
                            "fillet",
                            "m_top",
                            "n_top",
                            "a_top",
                            0.0005
                        ]
                    ],
                    [
                        [
                            "fillet",
                            "a_bottom",
                            "b_bottom",
                            "c_bottom",
                            0.0005
                        ],
                        [
                            "arc",
                            "c_bottom",
                            "k_bottom",
                            "d_bottom"
                        ],
                        [
                            "line",
                            "d_bottom",
                            "e_bottom"
                        ],
                        [
                            "arc",
                            "e_bottom",
                            "g_bottom",
                            "f_bottom"
                        ],
                        [
                            "arc",
                            "f_bottom",
                            "g_bottom",
                            "h_bottom"
                        ],
                        [
                            "line",
                            "h_bottom",
                            "j_bottom"
                        ],
                        [
                            "arc",
                            "j_bottom",
                            "k_bottom",
                            "m_bottom"
                        ],
                        [
                            "fillet",
                            "m_bottom",
                            "n_bottom",
                            "a_bottom",
                            0.0005
                        ]
                    ]
                ]
            }
        }
    },
    "machine": {
        "type": {
            "machine_type": "SynRM",
            "_pole_number_expression": "8",
            "machine_name": "Machine",
            "topology": "Internal Rotor"
        },
        "dimension": {
            "_stator_outer_radius_expression": "134.62",
            "_stator_outer_radius_unit": "mm",
            "_stator_inner_radius_expression": "80.95",
            "_stator_inner_radius_unit": "mm",
            "_rotor_outer_radius_expression": "80.2",
            "_rotor_outer_radius_unit": "mm",
            "_rotor_inner_radius_expression": "55.32",
            "_rotor_inner_radius_unit": "mm",
            "shaft_material": "Air"
        }
    },
    "materials": {
        "Air": {
            "type": "non_magnet",
            "name": "Air",
            "_conductivity_expression": "0.0",
            "_conductivity_unit": "S/m",
            "permeability_type": "linear",
            "permeability": {
                "_realative_permeability_expression": "1.0"
            }
        },
        "50A350": {
            "type": "non_magnet",
            "name": "50A350",
            "_conductivity_expression": "0.0",
            "_conductivity_unit": "S/m",
            "permeability_type": "nonlinear",
            "permeability": {
                "b_unit": "T",
                "h_unit": "A/m",
                "data": [
                    [
                        0.0,
                        0.0
                    ],
                    [
                        23.7829,
                        0.05
                    ],
                    [
                        35.9348,
                        0.1
                    ],
                    [
                        43.0643,
                        0.15
                    ],
                    [
                        48.0818,
                        0.2
                    ],
                    [
                        52.1149,
                        0.25
                    ],
                    [
                        55.4024,
                        0.3
                    ],
                    [
                        58.0556,
                        0.35
                    ],
                    [
                        60.8436,
                        0.4
                    ],
                    [
                        63.3838,
                        0.45
                    ],
                    [
                        66.0232,
                        0.5
                    ],
                    [
                        68.8606,
                        0.55
                    ],
                    [
                        71.3677,
                        0.6
                    ],
                    [
                        74.5236,
                        0.65
                    ],
                    [
                        77.3264,
                        0.7
                    ],
                    [
                        80.4917,
                        0.75
                    ],
                    [
                        83.7803,
                        0.8
                    ],
                    [
                        87.2856,
                        0.85
                    ],
                    [
                        91.7637,
                        0.9
                    ],
                    [
                        96.8194,
                        0.95
                    ],
                    [
                        102.8482,
                        1.0
                    ],
                    [
                        109.9997,
                        1.05
                    ],
                    [
                        118.8356,
                        1.1
                    ],
                    [
                        130.2476,
                        1.15
                    ],
                    [
                        144.7258,
                        1.2
                    ],
                    [
                        164.8152,
                        1.25
                    ],
                    [
                        193.2652,
                        1.3
                    ],
                    [
                        236.4049,
                        1.35
                    ],
                    [
                        306.9427,
                        1.4
                    ],
                    [
                        432.3822,
                        1.45
                    ],
                    [
                        677.764,
                        1.5
                    ],
                    [
                        1150.2471,
                        1.55
                    ],
                    [
                        1953.4736,
                        1.6
                    ],
                    [
                        3137.701,
                        1.65
                    ],
                    [
                        4699.2266,
                        1.7
                    ],
                    [
                        6638.378,
                        1.75
                    ],
                    [
                        8995.2222,
                        1.8
                    ],
                    [
                        11860.0438,
                        1.85
                    ],
                    [
                        15402.4865,
                        1.9
                    ],
                    [
                        19927.4242,
                        1.95
                    ],
                    [
                        26369.2831,
                        2.0
                    ],
                    [
                        39075.4882,
                        2.05
                    ],
                    [
                        58618.3177,
                        2.1
                    ],
                    [
                        84990.7786,
                        2.15
                    ],
                    [
                        118192.8708,
                        2.2
                    ],
                    [
                        157245.0838,
                        2.25
                    ],
                    [
                        197033.8196,
                        2.3
                    ],
                    [
                        236822.5553,
                        2.35
                    ],
                    [
                        276611.2911,
                        2.4
                    ],
                    [
                        316400.0269,
                        2.45
                    ],
                    [
                        356188.7627,
                        2.5
                    ],
                    [
                        395977.4984,
                        2.55
                    ],
                    [
                        435766.2342,
                        2.6
                    ],
                    [
                        475554.97,
                        2.65
                    ],
                    [
                        515343.7058,
                        2.7
                    ],
                    [
                        555132.4415,
                        2.75
                    ],
                    [
                        594921.1773,
                        2.8
                    ],
                    [
                        634709.9131,
                        2.85
                    ],
                    [
                        674498.6489,
                        2.9
                    ],
                    [
                        714287.3846,
                        2.95
                    ],
                    [
                        754076.1204,
                        3.0
                    ]
                ]
            }
        },
        "Copper": {
            "type": "non_magnet",
            "name": "Copper",
            "_conductivity_expression": "5.8e7",
            "_conductivity_unit": "S/m",
            "permeability_type": "linear",
            "permeability": {
                "_realative_permeability_expression": "1.0"
            }
        },
        "NdFeB": {
            "type": "magnet",
            "name": "NdFeB",
            "_radial_expression": "1.0",
            "_radial_unit": "T",
            "_tangential_expression": "0.0",
            "_tangential_unit": "T",
            "_conductivity_expression": "0.0",
            "_conductivity_unit": "S/m",
            "_realative_permeability_expression": "1.05"
        }
    },
    "stator": {
        "slot": {
            "slot_type": "Type111",
            "_slot_number_expression": "48",
            "slot_props": {
                "_W0_expression": "1.93",
                "_W0_unit": "mm",
                "_W1_expression": "5",
                "_W1_unit": "mm",
                "_W2_expression": "8",
                "_W2_unit": "mm",
                "_H0_expression": "1",
                "_H0_unit": "mm",
                "_H1_expression": "0",
                "_H1_unit": "mm",
                "_H2_expression": "33.3",
                "_H2_unit": "mm",
                "_R0_expression": "2",
                "_R0_unit": "mm"
            },
            "wedge": false,
            "wedge_material": "Air"
        },
        "winding": {
            "_phase_number_expression": "3",
            "layer_configuration": "Single",
            "_turns_per_coil_expression": "9",
            "_parallel_paths_expression": "1",
            "_coil_span_expression": "6",
            "winding_material": "Copper"
        },
        "lamination": {
            "_stack_length_expression": "83.82",
            "_stack_length_unit": "mm",
            "_fill_factor_expression": "1",
            "lamination_material": "50A350"
        }
    },
    "rotor": {
        "lamination": {
            "_fill_factor_expression": "1",
            "lamination_material": "50A350"
        },
        "hole": {
            "hole_props": [
                {
                    "type": "User Defined",
                    "_points_expression": "pts",
                    "_connections_expression": "cns"
                }
            ]
        }
    },
    "mesh": {
        "algorithm": "Delaunay",
        "_max_element_size_expression": "9.0",
        "_max_element_size_unit": "mm",
        "recombine": false,
        "silent": false,
        "recombinition_algorithm": "simple",
        "_tangential_divisions_expression": "90",
        "_radial_divisions_expression": "3",
        "_stator_core_dist_min_expression": "1.5",
        "_stator_core_dist_min_unit": "mm",
        "_stator_core_dist_max_expression": "7.5",
        "_stator_core_dist_max_unit": "mm",
        "_stator_core_size_min_expression": "0.375",
        "_stator_core_size_min_unit": "mm",
        "_stator_core_size_max_expression": "2.25",
        "_stator_core_size_max_unit": "mm",
        "_stator_windings_expression": "3.75",
        "_stator_windings_unit": "mm",
        "full_mesh": false,
        "segmentation": true,
        "_rotor_core_dist_min_expression": "1.5",
        "_rotor_core_dist_min_unit": "mm",
        "_rotor_core_dist_max_expression": "7.5",
        "_rotor_core_dist_max_unit": "mm",
        "_rotor_core_size_min_expression": "0.375",
        "_rotor_core_size_min_unit": "mm",
        "_rotor_core_size_max_expression": "2.25",
        "_rotor_core_size_max_unit": "mm",
        "_rotor_holes_expression": "3.0",
        "_rotor_holes_unit": "mm",
        "_rotor_shaft_expression": "7.5",
        "_rotor_shaft_unit": "mm"
    },
    "analyses": {}
}